{
  "parent": "minecraft:item/handheld",
  "textures": {
    "layer0": "minecraft:item/milk_bucket"
  },
  "overrides": [
    {"predicate": {"entity": {"nbt": {"Motion": [0]}}},"model": "item/milk_bucket_static"},
    {"predicate": {"entity": {"nbt": {"OnGround": 0}}},"model": "item/milk_bucket"},
    {"predicate": {"entity": {"nbt": {"abilities": {"flying": 1}}}},"model": "item/milk_bucket_static"},
    {"predicate": {"name": "/([Bb]ucket [Oo]f )?[Mm]ilk [Aa]nd ([Cc]ookies?|[Bb]iscuits?)/"},"model": "item/milk_bucket_cookie"}
  ]
}