{
  "parent": "minecraft:item/handheld",
  "textures": {
    "layer0": "minecraft:item/water_bucket"
  },
  "overrides": [
    {"predicate": {"world/raining": true, "world/biome/precipitation": "rain", "entity": {"nbt": {"Motion": [0]}}},"model": "item/water_bucket_rain"},
    {"predicate": {"world/raining": true, "entity/can_see_sky": false, "entity": {"nbt": {"Motion": [0]}}},"model": "item/water_bucket_static"},
    {"predicate": {"world/raining": false,"entity": {"nbt": {"Motion": [0]}}},"model": "item/water_bucket_static"},
    {"predicate": {"entity": {"nbt": {"OnGround": 0}}},"model": "item/water_bucket"},
    {"predicate": {"entity": {"nbt": {"abilities": {"flying": 1}}}},"model": "item/water_bucket_static"},
    {"predicate": {"dimension/ultrawarm": true},"model": "item/water_bucket_boiling_flow"},
    {"predicate": {"dimension/ultrawarm": true, "entity": {"nbt": {"Motion": [0]}}},"model": "item/water_bucket_boiling"},
    {"predicate": {"dimension/ultrawarm": true, "entity": {"nbt": {"OnGround":0 }}},"model": "item/water_bucket_boiling_flow"},
    {"predicate": {"dimension/ultrawarm": true, "entity": {"nbt": {"abilities": {"flying": 1}}}},"model": "item/water_bucket_boiling"}
  ]
}